"step","mean_D"
0,0.79339254
1000,0.001010399
2000,0.0026946173
3000,0.0021196636
