"step","force_x"
0.0,72.05824
1000.0,5.6738567
2000.0,9.468814
3000.0,-2.0294533
4000.0,8.247857
5000.0,10.292873
1000.0,91966304.0
2000.0,83418136.0
3000.0,67118440.0
4000.0,68207528.0
5000.0,27469234.0
6000.0,22406020.0
7000.0,15464138.0
