"step","mean_nu"
0,0.7896899
1000,0.011105643
2000,0.010620471
3000,0.009838585
