"step","force_x"
0,686.8912
1000,60.491188
2000,51.20395
3000,50.05494
4000,54.988853
5000,48.3155
