"step","force_x"
0,21.549011
1000,14.427923
2000,4.290782
3000,10.519372
4000,5.324751
5000,7.4913607
6000,7.630575
