"step","force_y"
0,351.45474
1000,1.2481127
2000,-22.97196
3000,-15.082779
4000,-7.658381
5000,-16.598043
