"step","force_x"
0,72.05824
1000,5.6738567
2000,9.468814
3000,-2.0294533
4000,8.247857
5000,10.292873
