"step","force_x"
0.0,72.05824
1000.0,5.6738567
2000.0,9.468814
3000.0,-2.0294533
4000.0,8.247857
5000.0,10.292873
