"step","force_y"
0.0,302.90677
1000.0,5.317045
2000.0,-10.990387
3000.0,0.65095425
4000.0,4.738395
5000.0,5.04734
