"step","force_y"
0.0,302.90677
1000.0,5.317045
2000.0,-10.990387
3000.0,0.65095425
4000.0,4.738395
5000.0,5.04734
1000.0,7178032.0
2000.0,7695760.0
3000.0,6663712.0
4000.0,7840464.0
5000.0,3146828.0
6000.0,2690336.0
7000.0,2045576.0
