"step","force_y"
0,302.90677
1000,5.317045
2000,-10.990387
3000,0.65095425
4000,4.738395
5000,5.04734
