"step","force_y"
0,271.9641
1000,3.0885153
2000,5.461596
3000,3.3405542
4000,6.3436427
5000,8.045609
6000,6.994172
